chenj = John Chen <chenj>
ddumitru = Daniel Dumitru <ddumitru>
dumitrud = Daniel Dumitru <ddumitru>
garmillas = Santosh garmilla <garmillas>
georgeb = George Bediako <georgeb>
konkap = Prasad Konka <prasad.konka@nih.gov>
konkapv = Prasad Konka <prasad.konka@nih.gov>
parmarv = Vijay Parmar <parmarv@mail.nih.gov>
raleyg = Greg Raley <greg.raley@nih.gov>
raleygj = Greg Raley <greg.raley@nih.gov>
root = root <root>
satish79 = Satish Patel <satish79>
vinjamuripl = Prakash Vinjamuri <vinjamuripl>
